ENTREZID,logFC
4087,0.289565145
4088,-0.91686638
4089,-0.36801821
1536,1.007401617
5333,-0.693632586
23236,-0.222874478
5330,-0.503860035
5335,-1.29351617
5578,-0.417869876
5579,0.227975247
5580,0.828494335
5590,-0.644573803
5594,0.386305921
5595,0.602365644
3725,0.340741178
7423,-1.18611664
7424,0.23992976
5054,0.33486566
3383,1.889157049
3553,0.971410116
3576,-1.914698605
7124,0.660301494
2152,0.395792835
1906,0.553667498
7056,0.900614181
5600,0.281204406
1432,2.154539652
5970,0.312815897
4790,0.367349262
5601,-0.375642973
1729,-0.20450168
5879,0.202793693
3845,0.400714985
4893,0.924498984
5290,0.291097665
5293,0.26048526
5291,0.902404172
5295,-0.786426339
5296,-0.729629038
207,-0.885064643
10000,-0.256141291
2308,-0.986546843
596,-1.497809452
3717,1.458900229
6774,0.463911031
6772,0.764853208
6776,0.486002141
6777,0.221166421
1958,0.947592943
