ENTREZID,logFC
3091,0.953234874
1950,0.721197963
3845,0.400714985
4893,0.924498984
5605,0.263683989
5594,0.386305921
5595,0.602365644
3725,0.340741178
27436,-0.554913355
5295,-0.786426339
5296,-0.729629038
5290,0.291097665
5293,0.26048526
5291,0.902404172
5728,0.349470537
207,-0.885064643
10000,-0.256141291
2475,-0.329272598
6198,-0.540827591
6199,-0.254084077
1147,0.538991884
3551,-0.336498493
8517,0.308640602
4792,1.301949889
4793,1.126859787
4794,0.332685435
4790,0.367349262
5970,0.312815897
3458,-0.578908964
3459,0.7078434
3460,0.968285853
3717,1.458900229
6772,0.764853208
6774,0.463911031
7097,2.097610131
7099,1.37558484
114609,0.181199353
4615,1.009426012
7189,0.336973551
4775,-0.648531202
148022,0.651897212
29126,1.885285212
5777,0.489148169
5781,-0.178681259
10538,1.835714264
116071,2.975268941
1457,0.199679349
283106,0.370340872
920,-1.30271332
3932,-0.919729466
916,-1.520817952
917,-1.4029114
919,-1.70571326
915,-1.620202034
7535,-1.811975219
4215,0.744483704
5606,-0.490316827
5600,0.281204406
1432,2.154539652
27040,-1.108749862
5335,-1.29351617
5533,-1.226620821
10125,-1.803685235
940,-1.26992091
5588,-1.478213568
