ENTREZID,logFC
834,0.926175828
5027,0.392568302
29108,0.674513198
7295,1.070882608
4790,0.367349262
4791,0.824030988
5970,0.312815897
3162,0.90442959
9051,0.279930175
4210,0.684881651
