ENTREZID,logFC
7124,0.660301494
7132,0.685744734
9530,0.398061954
8717,-0.214090957
7188,-1.899010121
6885,-0.271295722
10454,-0.300392646
6416,-0.328652398
5601,-0.375642973
3725,0.340741178
83737,-0.396767498
8837,0.601860458
5606,-0.490316827
5600,0.281204406
1432,2.154539652
1051,1.011400429
4217,0.47700598
9020,-0.774462517
8517,0.308640602
3551,-0.336498493
1147,0.538991884
4792,1.301949889
5970,0.312815897
4790,0.367349262
1326,0.538770814
5594,0.386305921
5595,0.602365644
9252,-2.078069069
9586,0.819000081
11035,0.492936601
197259,0.656935677
10059,-0.386709336
8772,0.56611931
843,0.487762245
840,1.337947798
6352,-1.012856066
6374,-1.019986301
3627,2.351849379
355,0.938383898
8809,2.514529631
182,1.239969991
3553,0.971410116
3600,1.040986058
4049,-0.764380712
602,1.111416798
9021,2.865433239
7128,0.853357154
7185,-0.878114091
3726,1.457266529
4318,3.116459829
1906,0.553667498
7424,0.23992976
64127,0.512960585
3383,1.889157049
5743,-0.681299044
7133,0.523612242
7187,0.627041244
5290,0.291097665
5293,0.26048526
5291,0.902404172
5295,-0.786426339
5296,-0.729629038
207,-0.885064643
10000,-0.256141291
3659,0.716479486
