ENTREZID,logFC
6850,-0.292502132
4067,-0.428920807
5336,-0.350646718
5579,-0.1665254
8915,-0.125146271
10892,-0.1288083
3654,0.16544713
7189,-0.08305556
7124,-0.1762549
8737,0.1457783
7186,0.062969197
329,0.5540811
1540,-0.1988746
23586,0.356793827
958,0.06594965
6885,-0.203036532
23118,-0.219080229
115650,0.122887345
51588,-0.2028847
472,-0.342347836
55367,0.156414
4790,-0.270736057
1647,-0.5166605
4616,0.2736454
10912,0.183311913
597,-0.3624919
4791,0.1574929
5743,-0.424348198
2921,0.082874337
1459,-0.144652279
3383,0.08661014
