ENTREZID,logFC
6737,0.324602383
51428,0.1078553
6778,-0.2173386
3428,-0.2989968
5591,-0.2557301
