ENTREZID,logFC
114548,-0.2216583
4790,-0.270736057
4791,0.1574929
3162,-0.3008804
4210,-0.269282
114548,-0.2216583
