ENTREZID,logFC
7189,-0.08305556
3654,0.16544713
57162,-0.339624096
57161,-0.24338938
7311,0.2358425
4791,0.1574929
4790,-0.270736057
3146,-0.483256215
6288,0.05225982
23118,-0.219080229
6885,-0.203036532
28511,0.09773655
6416,-0.1743793
5601,-0.13258448
9261,0.1993279
1432,-0.425453829
5515,-0.1944906
5518,-0.2547302
5594,-0.436280445
5595,-0.377567283
2002,0.273312005
6197,-0.2999029
4208,0.2007194
4205,-0.173920886
1845,0.337088462
466,-0.164126728
2353,-0.2960593
1326,-0.40720623
79155,0.06959231
8454,0.097469044
23291,-0.179182837
841,-0.167382081
8737,0.1457783
8772,-0.1694897
3665,0.880068387
7323,-0.399408987
7321,-0.093349273
329,0.5540811
3689,-0.547179819
10333,-0.1124339
6279,0.2450671
7096,-1.000849821
59307,0.1152079
8651,0.336808092
6441,-0.070189365
5336,-0.350646718
1785,0.1542412
