ENTREZID,logFC
3569,2.683036586
3574,0.484828243
3586,1.614390009
3592,0.515386417
3600,1.024311171
29949,0.752859887
50616,-0.276398817
51561,0.780590758
11009,1.810117415
3449,-0.170588517
3456,0.761617073
3458,0.488253083
5008,3.093736648
85480,-0.242088448
1442,-0.24541357
5155,0.253748942
3559,2.755245988
3560,2.793425002
3566,0.739830813
3575,2.661318936
3587,1.527479851
3588,0.726257059
3594,0.538131357
3595,0.210532015
3601,1.535921588
50615,0.963971325
9466,-0.756280997
3572,0.484052333
3454,0.434156785
3459,0.579820473
3460,0.66352833
64109,1.423820895
1438,0.470878726
1439,0.691688577
5159,1.255746169
3718,0.167375901
6774,0.579187908
6775,3.171678351
6778,-0.456113841
8651,2.031894947
8835,0.763005057
9021,1.490966809
4170,1.650128057
598,-0.285408095
5292,-0.54821303
894,0.872000074
896,0.763530894
316,0.489301567
10254,0.767894001
5771,1.386905942
5777,-0.779498244
1387,0.456308065
8554,0.393447512
5781,-0.511699955
6654,0.356732725
3265,-0.591166957
5894,0.407184443
5293,0.683189026
5295,-0.510155625
5296,-0.72864219
