ENTREZID,logFC
3932,0.725243085
7535,0.972992969
5335,0.63288064
5588,0.828481701
4067,1.898170815
29760,0.815246932
5336,0.333085875
84433,1.586418323
79092,-0.179416859
10892,0.416252116
3553,4.704100292
3554,0.594531934
3654,-0.992309709
51135,0.523602956
7189,0.254836704
8737,0.390805723
7188,1.029351292
329,0.660815446
330,1.657034094
1896,0.227301067
1540,0.703086249
60401,-0.135799068
7706,-0.430998339
929,3.17497673
353376,0.496870677
148022,0.37721284
959,0.219459799
7187,-0.404988484
4050,1.739415849
8740,-1.981919488
115650,0.373285962
142,0.468032071
7329,-0.474321042
472,1.152523557
4792,1.201103436
4790,1.171230545
5970,0.471198218
8837,1.074177527
598,-0.285408095
7185,1.227841245
4791,0.627150372
7128,1.573328864
5743,2.529384107
6351,2.023427992
2919,4.651536969
2920,1.468781195
1459,-0.254278651
1460,-1.002569277
5971,1.315860465
6363,4.047517962
3383,0.967582104
