ENTREZID,logFC
29110,0.970645814
6737,1.097250689
51428,-0.847730401
6778,-0.456113841
3428,1.346578332
5591,-0.696534591
