ENTREZID,logFC
7188,1.029351292
8737,0.390805723
329,0.660815446
330,1.657034094
5609,-0.158275693
5599,-0.22366372
3725,-0.74846968
8837,1.074177527
5608,-0.142824043
5603,-1.669540085
4217,0.969140903
4792,1.201103436
5970,0.471198218
4790,1.171230545
1326,1.192017383
5604,0.671079954
9252,0.81926327
8986,-0.940627743
1385,0.443958313
10488,-0.299031763
64764,-0.737546084
841,0.813170685
840,0.681075921
6347,0.857204405
6352,3.723946161
6364,3.795431772
2919,4.651536969
2920,1.468781195
6374,3.648882877
6372,4.084938569
3627,2.247635968
1435,-0.629513235
8809,0.91824442
182,0.236660456
3553,4.704100292
3569,2.683036586
3600,1.024311171
602,0.941654782
9021,1.490966809
7128,1.573328864
7185,1.227841245
4323,1.530820542
1906,1.095997255
7424,0.290245206
64127,1.712241066
3383,0.967582104
5743,2.529384107
7133,0.946717307
7187,-0.404988484
5293,0.683189026
5295,-0.510155625
5296,-0.72864219
153090,-0.146407102
3659,1.280798375
3456,0.761617073
